image_id,caption
Image14001001-0000.jpg,《绿色北京》摄影大赛胡子<人名>作品
Image14001001-0002.jpg,招聘计划学校现有教职工1500余人.
Image14001001-0191.jpg,"大厨告诉你家常做法,让你吃一回"
Image14001001-0210.jpg,暴雪袭击合肥:"城市守护者"带来融融暖意
Image14001001-0214.jpg,"比乔家大院大5000倍,历时400年建成,山西民居全国罕见"
Image14001001-0220.jpg,"3月以来线上登记船舶数量实现高速增长,近三个月线上登记船舶总数为"
Image14001001-0244.jpg,"校园安全防患于未""燃"",这些要点要知道"
Image14001001-0261.jpg,4240万像素背照全幅 索尼rx1rii相机展出
Image14001001-0341.jpg,"因为不论演谁,他都有自己独有的味道."
Image14001001-0349.jpg,到底稳吗?客服说稳!会放款失败吗?
Image14001001-0420.jpg,"外头醒目的白底黑字招牌,洋溢著日式道地的视觉享受;店内红,黑"
Image14001001-0476.jpg,"内搭的针织衫与包包同色系,还有骚气的橘色大衣,惹眼又很时髦."
Image14001001-0512.jpg,西风狂诗曲:正传创世纪战ⅲ
Image14001001-0598.jpg,我希望你也这样做.不要为了感情抹杀自己的尊严和良心.
Image14001001-0638.jpg,庄严训词激发豪迈力量铮铮誓言展示忠诚品格猎猎警旗指引前进方向
Image14001001-0668.jpg,"男子骑自行车,汽车一直按喇叭,男子偏不让,结果损失了"
Image14001001-0682.jpg,"48%,与去年同期相比提升6.17个百分点;线上渠道收入35."
Image14001001-0726.jpg,风机会根据需要适时开启调节湿度.
Image14001001-0763.jpg,"那么假以时日回到中国,谢晖就能够与<人名>样成为本土主帅的佼佼者"
Image14001001-0893.jpg,重庆万云招待所
Image14001001-0940.jpg,"天津6家不搞噱头却让人日日夜夜想要的素斋餐厅,也许是你净化身心的"
Image14001001-0950.jpg,"听说,一生有三个月的时间都在马桶上度过呢"
Image14001001-1009.jpg,之《寸土不让》刘启端绘画【点击链接欣赏】武侠连环画《神腿杜心五》
Image14001001-1035.jpg,"简笔画,极简也可以让你感觉有超高画技在朋友面前炫酷一下."
Image14001001-1062.jpg,特色小吃刚哥卤肉卷
Image14001001-1159.jpg,"没有吃过这些糯食,你都不知道武汉人有多会吃."
Image14001001-1160.jpg,看图写话是低年级学生写作能力培养的重要方法.
Image14001001-1294.jpg,"我系吧台旁边坐好,店员放将餐牌放系台面."
Image14001001-1307.jpg,河南卫视"中国豫剧百团争霸"青年演员电视大赛晋级赛
Image14001001-1411.jpg,阴阳师:说说被玩家冷落的几位版本之子 这几位式神其实真的很强
Image14001001-1472.jpg,"常觉得人因为得有个自我的形象要顾及,所以行事也就矛盾跟迂回了,说"
Image14001001-1476.jpg,校花女神米咪开学季美图曝光 翘马尾轻盈青春尽显童真
Image14001001-1524.jpg,"截止2021,排名赛冠军数统计,亨得利和奥沙利文令人望尘莫及"
Image14001001-1545.jpg,通用ld型单梁桥式起重机 单梁吊车小起重机 电动单梁起重机
Image14001001-1547.jpg,"(4)工作认真负责,热情主动,具有团队合作精神."
Image14001001-1616.jpg,"七勾玉轮回眼和净眼谁更强?佐助:加在一起,还没我哥的"
Image14001001-1665.jpg,网易首页>网易号>正文申请入驻> 把花椒擀碎或是用破壁机给打成粉
Image14001001-1711.jpg,欢乐积分套装助你任性拍卖!
Image14001001-1755.jpg,"山东这列<人名>在建设中,里程494公里,途经临沂日照等"
Image14001001-1784.jpg,网易首页>网易号>正文申请入驻> 早在波士顿凯尔特人队效力的时候
Image14001001-1786.jpg,"最难捧的女演员,一年出演6部电视剧,当了38次女主角都"
Image14001001-2091.jpg,"市委书记<人名>,市长<人名>一行视察我公司人民南路施工建设"
Image14001001-2112.jpg,孟晚舟被加拿大暂扣5g板块下挫 华为92家供应商备全名单
Image14001001-2139.jpg,陕西省结核病防治研究所 致广大学生家长的一封信
Image14001001-2163.jpg,卖挂还整出情怀来了丨今日最黑
Image14001001-2255.jpg,"""湿邪""侵入脾胃,会引起腹泻,水肿,食欲不振,恶心等病症."
Image14001001-2283.jpg,唯美励志现代诗词5首 愿你2019闪耀光芒
Image14001001-2322.jpg,当白天遇到黑夜——读《心喜阅成长启蒙绘本.
Image14001001-2349.jpg,"园区发展初期即成立企业服务部门,定期走访企业,听取企业意见,力求"
Image14001001-2402.jpg,国际司:培育国际合作和竞争新优势 大力推进工业通信业开放发展
Image14001001-2540.jpg,我爸都是铁粉的店谁说它过气了
Image14001001-2550.jpg,"中东此国资源匮乏,海岸线不到20公里,每年却能创造30亿美元收入"
Image14001001-2706.jpg,爱普生新品投影机获中国环保节能认证
Image14001001-2807.jpg,高反光 9芯军规伞绳/伞兵绳救生绳求生绳户外绳子逃生绳帐篷绳
Image14001001-2899.jpg,"斗草阶前初见,穿针楼上曾逢.罗裙香露玉钗风.靓妆眉沁"
Image14001001-3037.jpg,颜值这么高的日式和菓子你吃过么?我居然在五角场找到
Image14001001-3061.jpg,"小编引用了一张网上的图片,是不是很清楚了呢? 图片来源于网络"
Image14001001-3078.jpg,发片两边蓬松中分刘海假发片无痕隐形两侧修脸流海女
Image14001001-3095.jpg,中世纪的繁盛时代再也回不来了
Image14001001-3107.jpg,"时间过得真快,回想起上次来《拜托了冰箱》还是上次."
Image14001001-3113.jpg,撩妹撩汉用的微信恶搞熊猫头带字表情包
Image14001001-3161.jpg,"这些声音,从陆仙人刚开始拍视频到现在从未间断,但他一直不屑一"
Image14001001-3214.jpg,淘宝有趣商品收集录(1)
Image14001001-3276.jpg,"恰好发现了两名刚下水不久的非法电鱼者,此时他也看到灌阳镇的执法"
Image14001001-3366.jpg,90后南拳套路王讲述武魂传承
Image14001001-3391.jpg,金黄稻浪鼓声响 优人池上惊艳全场
Image14001001-3411.jpg,纹身t恤 天龙八部众 天众
Image14001001-3508.jpg,04思维导图学古诗——遇见最美古诗词 《山行》.杜牧
Image14001001-3614.jpg,"合肥新桥国际机场女安检员骚扰艺人,网友说:男人也要学会自我保护"
Image14001001-3685.jpg,赌<人名>素颜逛街太大妈宽松卫衣遮不住大肚子长女同样变路人
Image14001001-3720.jpg,"首先是真实场景引入,孩子会对这个问题迅速产生兴趣和熟悉感."
Image14001001-3744.jpg,"得益于挖孔面积的合理控制和超窄边框设计,整个手机正面的视觉效果"
Image14001001-3867.jpg,"有别于矛盾丛生的争产剧,该剧运用了风趣幽默的形式来叙述郭家的喜怒"
Image14001001-3889.jpg,图片显示白延线伸到和斑马线同步 网友论坛截图
Image14001001-3986.jpg,"平坦的山梁之上,望不到边的大白菜正在饱饱地吸收着日照的滋养."
Image14001001-4049.jpg,泰山爷塑像 五岳大帝 南岳大帝神像 三官大帝雕塑厂家
Image14001001-4110.jpg,用照片留住自己的青春~  ￥59.
Image14001001-4208.jpg,学党史践初心担使命软件动漫学院组织师生党员开展进寝室讲党史微党课
Image14001001-4211.jpg,暑期童书大放价成语故事(彩图注音版4册)9064861_唯品
Image14001001-4237.jpg,"原创在家做口水鸡,简单好做又不累,鸡肉滑嫩又多汁,鲜香麻辣超开胃"
Image14001001-4260.jpg,鄂伦春舞《斗熊》.
Image14001001-4280.jpg,剧版你是我的荣耀超话再美好的星空也在你面前黯淡无光 因为你是那么
Image14001001-4384.jpg,"2,沪镍,单k下破形成空头调整波段,短线偏空"
Image14001001-4470.jpg,欢乐儿童节-长安带您"回味童年时代"
Image14001001-4541.jpg,风靡全国的锅盖烤肉终于来长寿了!开业打5.8折!即将被
Image14001001-4560.jpg,一文了解新兴领域肿瘤心脏病学
Image14001001-4803.jpg,"猎场呈""三低一高""新趋势:低龄化,低薪化,低成本化,高效化"
Image14001001-4890.jpg,"抗病毒,增强抵抗力,预防感冒及肠胃道疾病的发生. 4."
Image14001001-4900.jpg,喝酒后的心情经典句子
Image14001001-4902.jpg,西甲-梅西飞铲染黄皇马2-0巴萨登顶 西班牙人1-1马竞
Image14001001-5002.jpg,中元节食俗
Image14001001-5146.jpg,汽车 正文  迅猛增长的业绩首先源于市场和消费者对东风雷诺产品的
Image14001001-5155.jpg,中国股市稳如磐石a股最强潜质的7大龙头谁才是真正的潜力黑马
Image14001001-5417.jpg,读音是"qiou"?@唐山人 说的是你吗?
Image14001001-5568.jpg,"""神的后花园""这样的美誉,喀纳斯当之无愧_汗德"
Image14001001-5629.jpg,安邦健康险怎么样?
Image14001001-5717.jpg,08 jalen green只有职业运动员才能拥有球鞋合同?
Image14001001-5740.jpg,苏宁易购进入了全新的改革时代零售之王黄明瑞能否拯救
Image14001001-5872.jpg,"不用猜都应该想的到,这样一个责任心极重的男人,肯定又是一个彻头彻"
Image14001001-5938.jpg,冰岛火山爆发
Image14001001-6042.jpg,"风景在路上:丹霞地貌之精华,国家地质公园——崀山自助休闲之旅"
Image14001001-6453.jpg,"疫情之下,在线教育迎来""大练兵"""
Image14001001-6521.jpg,"0l,2.4l两种排量共6款车型,20万落地的预算可以买到2."
Image14001001-6541.jpg,"<人名>追求<人名>失败恼羞成怒,不甘互撕,我有钱有什么得不到的?"
Image14001001-6584.jpg,"有网友希望学校取消他海洋大学的研究生入学资格,  他更是直接威胁"
Image14001001-6662.jpg,微胖搭配显高150穿搭显瘦套价格质量 哪个牌子比较好
Image14001001-6799.jpg,"4%,而截至8月24日,8月累计成交仅1420套."
Image14001001-6820.jpg,奔驰威霆装饰和配置有多豪华 改装价格_凤凰网汽车
Image14001001-6931.jpg,除了价格空间也是它的优势小哥带你一起看哈弗h6
Image14001001-7019.jpg,学党史悟思想办实事开新局南江县仁和镇五个一推动党史学习教育走深走
Image14001001-7050.jpg,华熙live528即将揭幕 成都新添文体生活打卡胜地
Image14001001-7113.jpg,钱枫被曝性侵酒色与金钱的权力游戏
Image14001001-7137.jpg,为肝脏排毒
Image14001001-7387.jpg,庄里的亲们赶紧去看看!
Image14001001-7403.jpg,本文由极果没ъ教逶
Image14001001-7462.jpg,指挥刀柄
Image14001001-7489.jpg,"不想剪掉及腰长发,那就扎个时髦马尾清爽一夏!"
Image14001001-7575.jpg,福州橘园洲东桥头"动手术"缓堵 4条匝道将封闭改造
Image14001001-7673.jpg,"华尔街生死大战,游戏驿站暴跌,放几个英国房东的出租案例来压压惊"
Image14001001-7850.jpg,【荒岛音乐趴】| 特价399 | 快艇 浮潜 烧烤露营 音乐
Image14001001-7908.jpg,痛心又一起袭警事件发生民警生命安全究竟该如何保障
Image14001001-7936.jpg,雁塔区未来五年商贸规划:打造"一核四区多中心"发展格局!
Image14001001-7938.jpg,"在大众的印象中,豪华车基本上都是以黑色为主,显示出黑色和稳重的"
Image14001001-7943.jpg,大北京的外卖金字塔让
Image14001001-7946.jpg,【春申连心】民建闵行区委赴福建南平开展学习交流活动
Image14001001-7949.jpg,"中国女排,六连胜!"
Image14001001-8029.jpg,这里是北京之雍和宫里展出的精品佛像_手机搜狐网
Image14001001-8053.jpg,泾县开展2020年防汛抢险综合实战演练
Image14001001-8201.jpg,"""面对马上就要到来的大学生活<人名>充满着向往她表示接下来将继续"
Image14001001-8419.jpg,"在某种意义上说,宇宙是由微"
Image14001001-8437.jpg,"母亲是<人名>长女李敏,父亲是孔从洲将军之子<人名>."
Image14001001-8486.jpg,"钢骨本名为维克多·斯通,在一次爆炸意外中受到濒死的重伤,他的父亲"
Image14001001-8499.jpg,"厦门大学深圳研究院首席代表,德高望众的黄良快老先生一行莅临集团"
Image14001001-8507.jpg,"1,不按交易计划行事,临时起意,盘中忽然决定开新仓."
Image14001001-8529.jpg,明悦
Image14001001-8621.jpg,"oppo watch 2值不值得买?看看知乎,京东等平台的评价"
Image14001001-8830.jpg,"同时我公司的玻璃制品畅销国内外,与众多企业达成了长期合作关系并"
Image14001001-8861.jpg,眉毛看相有痣命运好不好?
Image14001001-8882.jpg,"尺度与耻度齐飞「深夜剧」,岛国真敢拍|相亲|小梅"
Image14001001-8951.jpg,解庆伦校长对疫情防控工作作重点强调和部署参会教师认真听会会议最后
Image14001001-8983.jpg,"而且生肖马之人天生福气深厚,不仅年纪轻轻就能有所建树."
Image14001001-9081.jpg,<人名>实在太可爱啦!表演赛!
Image14001001-9127.jpg,"这玩意和玉米共生,农民看到都头疼,在国外却是美食,7美元1斤"
Image14001001-9223.jpg,华一实验学校
Image14001001-9233.jpg,花呗怎么提前还款查看利息
Image14001001-9251.jpg,"话不多说,看看具体情况吧!关注31分钟前 体育领域创作者孟哥说球"
Image14001001-9284.jpg,「多少moreless」北京第一代"闪店"
Image14001001-9291.jpg,"机构需求太旺盛!这类基金百亿爆款频出,今年最最少也有6只!"
Image14001001-9377.jpg,南昌市治幼儿眼部血管瘤
Image14001001-9458.jpg,联通手机大卖场
Image14001001-9461.jpg,绿驹电车
Image14001001-9486.jpg,天喜筋力源f筋力源d面条增筋剂面条拉面烩面刀削面速效强筋剂1kg
Image14001001-9490.jpg,"有些地区,洗一次衣服要重染一次,以保证色彩鲜艳."
Image14001001-9548.jpg,微信早上好祝福语图片
Image14001001-9578.jpg,"比如人们会用""相濡以沫"",来赞美爱人的相互扶持."
Image14001001-9627.jpg,安全考核细则
Image14001001-9744.jpg,"另外,它还支持后盖定制服务,也代表了手机模块化的趋势."
Image14001001-9816.jpg,"这五种寓意友情地久天长的花,送给一直默默陪伴,守护的朋友们!"
Image14001001-9867.jpg,中国县域经济100强研究成果 江苏领先苏州前五占三席
Image14001002-0009.jpg,共筑强军梦 翰墨抒情怀
Image14001002-0011.jpg,"琦玉已经变成表情包了.琦玉啥也不管了,要出全力了."
Image14001002-0055.jpg,"这样一个寄托了你所有的期望的儿子,有时候真是让妈妈们无比骄傲."
Image14001002-0067.jpg,要行管政议复与征地补偿安置尽议裁争袭制度昔有许多共同之
Image14001002-0135.jpg,<人名>《爱我》蜕变 "反恐精英"变身时尚设计师
Image14001002-0182.jpg,"荆门天地2期是哪个开发商开发的,荆门天地小区开发商资质如何"
Image14001002-0310.jpg,"左搂<人名>,右抱<人名>,30年前的「<人名>」好风流"
Image14001002-0350.jpg,"但是不可忽视的是,年轻人的生活压力反而更大了"
Image14001002-0364.jpg,q4:入学后该怎么找到自己宿舍?
Image14001002-0381.jpg,【小资chic】上海时装周独家专访:朱赞锦
Image14001002-0382.jpg,运势一路飘红事业大翻身财运旺富贵来的三生肖
Image14001002-0388.jpg,她漫无目的地走在冰冷的大街上.
Image14001002-0431.jpg,"三,十二星座本周表白成功指数!"
Image14001002-0518.jpg,"只会做红烧鱼,不妨试这外酥里嫩的酥炸鱼柳,搭配啤酒看球真过瘾"
Image14001002-0532.jpg,女式夏银吊坠饰品配饰
Image14001002-0548.jpg,【名庄直采】法国拉菲传奇干红葡萄酒6支装2016-【买
Image14001002-0572.jpg,"早晨火箭和奇才完成了一笔交易,火箭将拉塞尔-拉斯布鲁克交易至奇才"
Image14001002-0576.jpg,"在其后接受《东方早报·艺术评论》独家专访时,他谈起了宋画与他的"
Image14001002-0697.jpg,"《终极斗罗》史莱克七怪成神之路,蓝轩宇:我已垫好,这"
Image14001002-0714.jpg,"把养乐多加入到芒果汁里,没想到味道这么好喝,夏天做"
Image14001002-0715.jpg,嘘!舟山群岛马拉松原来有个这样的"秘密"!很多人不知道
Image14001002-0811.jpg,解读英国西班牙百年直布罗陀归属之争
Image14001002-0841.jpg,"设计师利用鲜艳可爱的多年生植物来柔化住宅的轮廓线条,同时为场地"
Image14001002-0965.jpg,"""""进来.""话音刚落,一个小女孩闪进了我的办公室."
Image14001002-0982.jpg,新本威胜100-42 办完牌照 汽车下乡补贴
Image14001002-1059.jpg,"黄瓜鸡蛋面是一种以黄瓜,面条为原料的食物,口味清淡."
Image14001002-1088.jpg,"
97再抽一件全队签名队服长城限定版!"
Image14001002-1142.jpg,"除節約用水的設計外,陳家滔亦關心弱勢社群,在學時就為視障人士專門"
Image14001002-1239.jpg,"""生完孩子后,我看到老公就火大,天天看他哪里都不顺眼"
Image14001002-1322.jpg,绿色建筑工程_江苏建设工程_装配式建筑公司-江苏建总
Image14001002-1377.jpg,"林逋,字君复,<人名>赐谥""和靖先生"".年少博学,通晓史籍."
Image14001002-1525.jpg,芝加哥玛吉戴利城市公园景观设计 3
Image14001002-1528.jpg,创新引领-科技强区
Image14001002-1685.jpg,"大涨了20210721 周二简版: 朋友们,早上好.先回顾一下"
Image14001002-1688.jpg,"考研资讯 天津师范大学艺术设计考研定向班火热招生中,该课程包含"
Image14001002-1722.jpg,标题:海岛朝霞
Image14001002-1729.jpg,"都美竹和其他受害者一开始有和解的打算,几个女孩都希望能回到平静"
Image14001002-1761.jpg,网易首页>网易号>正文申请入驻> 挥汗如雨的日与夜把直挂品貌缀
Image14001002-1830.jpg,"关注民生,关心教育,关爱学子,帮助困难家庭减轻子女上学经济负担"
Image14001002-1888.jpg,"崇尚以趣味时尚的单品混搭不同造型,妆点不同心境,使众多追求时髦的"
Image14001002-1895.jpg,长安精选 | 泪目!这是两笔特殊的捐款……_拉齐尼
Image14001002-1944.jpg,传播沟通——公共关系学ppt
Image14001002-2110.jpg,"此外打篮球还可以锻炼人的心志,帮助人获得一种乐观的精神态度,积极"
Image14001002-2131.jpg,"美国和日本原本已经有了矛盾,在陆军的一些作为后伤害到了美国的利益"
Image14001002-2151.jpg,"供应绿加鲜冷冻腿排(量大优惠,价格可议)"
Image14001002-2197.jpg,呵护眼睛从小做起手抄报模板及图片_保护眼睛手抄报
Image14001002-2224.jpg,看了一圈更懵逼了澳门人咋了发生啥了他俩不是感情很好的嘛
Image14001002-2240.jpg,"在仓库堆积如山等待打包的锅具价格便一下低了好几倍,国产中高端锅具"
Image14001002-2278.jpg,新田名居3室2厅65㎡68万二手房图片
Image14001002-2306.jpg,美国参议院多数党领袖麦康奈尔和其妻赵小兰那些被诟病的利益冲突和
Image14001002-2384.jpg,商场同款糖力夏季新款红色小礼服高腰显瘦短袖连衣裙女砖红色xs
Image14001002-2538.jpg,圣骑士王 阿托利斯
Image14001002-2729.jpg,中国航天科技集团公司第八研究院的航天产品
Image14001002-2786.jpg,不掌握绣球花的调蓝两个时间段也是枉然
Image14001002-2961.jpg,<人名> 太湖小景
Image14001002-2987.jpg,"沈阳公布一项重要发展规划!未来去政府窗口办事,接待"
Image14001002-3039.jpg,"国产新旗舰,极氪 zeekr 001对垒比亚迪汉,谁更胜一筹"
Image14001002-3045.jpg,2021年成考报名流程及准考证打印
Image14001002-3061.jpg,"虽然娜姐没有直说是哪个宝宝不爱吃饭,但是张杰在夫妻档综艺中有提到"
Image14001002-3066.jpg,"雪姨2个女儿,梦萍只学到了她的尖酸刻薄,如萍却学到了"
Image14001002-3127.jpg,"姚南仲为节度使,被监军薛盈珍依仗势力,篡夺了军政大权."
Image14001002-3148.jpg,"秋越浓,婺源的颜色就越红,山顶上,山沟里,满山红叶竞相争艳."
Image14001002-3164.jpg,dc部分设计了一个点烟器插座和两个dc5.5*2.
Image14001002-3214.jpg,"伴随着全体学员响亮有力的口号,整齐划一的步伐,新警们以斗志昂扬的"
Image14001002-3384.jpg,龙光玖龙台45000元/㎡
Image14001002-3400.jpg,"画好同心圆,托起稳稳的幸福决战决胜高水平全面建成小康社会,就是要"
Image14001002-3437.jpg,欧盟ce认证-lvd_深圳市力质特科技有限公司
Image14001002-3457.jpg,"""跑量""和""强度"",孰重孰轻?"
Image14001002-3525.jpg,我与良品铺子ceo<人名>
Image14001002-3528.jpg,"杨洋军装照,男明星的军装照,<人名>霸气,<人名>俊美"
Image14001002-3562.jpg,"试验了黄衫女子;
"
Image14001002-3668.jpg,圣经历史概揽ppt_word文档在线阅读与下载_无忧文档
Image14001002-3970.jpg,6万元私了.
Image14001002-4020.jpg,"一旦进灰,后期移除灰点再清洁感光元件就可以了."
Image14001002-4022.jpg,"专家考察认为:不是人工制作的,也不是动物化石"
Image14001002-4024.jpg,"德技新品窄边门窗:极简精致,引动潮流"
Image14001002-4060.jpg,"原来,狐妻在林中杀了不少恶狼,但心中还是忐忑不安,突然不放心将曲"
Image14001002-4188.jpg,南宁有城市中轴线吗
Image14001002-4203.jpg,线描画精彩课堂(动物篇)
Image14001002-4252.jpg,"草原之门是文旅发展,精准扶贫,产业科创的现代农业综合性创新产业园"
Image14001002-4384.jpg,"东南大学""瑞<人名>""新生专项助学金发放完成,310名本科新生受助"
Image14001002-4493.jpg,"服用甲钴胺多久能停药其实并没有一个明确的期限,还是要根据自身情况"
Image14001002-4581.jpg,doge狗狗币和他的2个小弟shib柴犬币akita秋田犬币
Image14001002-4597.jpg,"首先要和装修工人沟通,测量设计橱柜的位置,尺寸."
Image14001002-4678.jpg,又一新项目将落户平潭!这次跟"智慧城市"有关.
Image14001002-4709.jpg,地缚少年花子君:司普宁的恋情
Image14001002-4721.jpg,有些女性总感觉怀孕后易害热也和这有一定的关系.
Image14001002-4934.jpg,兴达花园不少违建棚厦破旧开裂
Image14001002-4944.jpg,"除了上节目开怼,叶璇也在某站注册了一个账号."
Image14001002-4955.jpg,"诊断:胃窦溃疡,萎缩性胃炎."
Image14001002-5001.jpg,"内强基本功,外拓新途径."
Image14001002-5012.jpg,宝沃挑战"行业潜规则" 杨嵩胜算几何?
Image14001002-5089.jpg,一种用于稳固基塘的消落带的制作方法
Image14001002-5095.jpg,"阿富汗部队溃不成军,越境逃入巴基斯坦避难,喀布尔不"
Image14001002-5259.jpg,"早上吃还是晚上吃,饭前还是饭后? 可以用牛奶或者茶水送服吗?"
Image14001002-5300.jpg,周强简要介绍了中国知识产权司法保护有关情况.
Image14001002-5380.jpg,东野圭吾最刺痛人心的代表作——《虚无的十字架》
Image14001002-5482.jpg,人居环境整治!苏家坨镇西埠头村拆除私搭乱建1700余平米
Image14001002-5495.jpg,当代歌坛0133月末版 古巨基 那英封面 f4 <人名> <人名>
Image14001002-5604.jpg,南宁地铁3号线站点名 南宁地铁三号线途经站点
Image14001002-5634.jpg,表1:有关政策落实事项及任务分工
Image14001002-5747.jpg,"丰田凯美瑞对比日产天籁,20万级日系合资中型车怎么选"
Image14001002-5808.jpg,"很多的坟前,竟然种着青竹."
Image14001002-5817.jpg,"
朝日啤酒所倡导的理念——""激发好奇心去探索""."
Image14001002-5852.jpg,helius/赫丽尔斯玫瑰安瓶原液 精华液 深层补水锁水
Image14001002-5894.jpg,(为什么总提这颗卫星?
Image14001002-5974.jpg,"张师傅的这道石林黄焖驴肉,特意选择的是位于驴腹部的驴腩肉."
Image14001002-5979.jpg,"还有作为家用到底值不值得购买等等,下面红涛就来说说宝来传奇的各"
Image14001002-6129.jpg,"经受不住打击的她卧床不起,她还表示,自己和丈夫曾多次想去看望姚策"
Image14001002-6156.jpg,"放弃后容易暴饮暴食,往往适得其反,体重不减反增."
Image14001002-6258.jpg,红灯纪
Image14001002-6363.jpg,"这场品牌年轻节的盛会,尽显品牌大咖论年轻,青年互动聚活力的风采"
Image14001002-6364.jpg,"一起出去约会时,李柄熹还会喂<人名>吃东西,非常贴心."
Image14001002-6372.jpg,纯手工拼花木地板厂家直销特价 艺术拼花实木多层复合地板
Image14001002-6389.jpg,这些日子五莲气温如过山车般
Image14001002-6438.jpg,"最牛股票已11涨停,半年报预告扭亏"
Image14001002-6500.jpg,"一定不容错过的黑米面包,好吃到想哭._腾讯网"
Image14001002-6502.jpg,"一二线城市二手房挂牌量激增,市场在抛售?"
Image14001002-6598.jpg,他们差点结束了印小天的演员生涯.
Image14001002-6612.jpg,如何评价毛不易在《我是唱作人》第四期中的《呓语》?
Image14001002-6647.jpg,"清肺利咽,除瘟止嗽."
Image14001002-6682.jpg,卿之说幽默话做幽默人口服才能心服这样说话让人舒服口才训练书籍
Image14001002-6690.jpg,"但又看着怀里活泼可爱的儿子,我只能默默流眼泪……我特别想离开但又"
Image14001002-6731.jpg,"(图为已在百数落地的某某平台二手车贷款业务审批流程图)综上,百数"
Image14001002-6744.jpg,"它的屏幕采用新一代全贴合工艺的聚合物液晶屏,一方面全贴合工艺可以"
Image14001002-6762.jpg,学生作品 8层住宅楼建筑给排水设计
Image14001002-6962.jpg,京中铭记-奥林匹克公园&森林公园
Image14001002-6988.jpg,"安兔兔实际跑分达到了71万之多,这跟骁龙888其实非常接近了."
Image14001002-7070.jpg,"爆肚它像锅贴一样需要油煎,外皮金黄酥脆,里面有不同的馅料,传统的"
Image14001002-7133.jpg,我国在太原卫星发射中心用"长征四号丙"运载火箭成功发射"遥感卫星
Image14001002-7162.jpg,"一场大雨造成部分道路积水严重,给过往车辆和行人带来安全隐患"
Image14001002-7214.jpg,"因为吸烟会导致进入体内的有害物质增多,导致血管收缩,痉挛,并增加"
Image14001002-7237.jpg,青春大学生们躺在草地上休息
Image14001002-7342.jpg,围墙喷雾除尘防尘喷头花洒雾化水器
Image14001002-7359.jpg,"《大明风华》中朱棣下线,你有什么想说的?"
Image14001002-7371.jpg,非洲大象行为粗暴闯入黑斑羚群欲独霸水塘
Image14001002-7398.jpg,道路限高架 智能液压升降限高杆 手机远程遥控简易限
Image14001002-7498.jpg,鸿业远图珠宝玉器:还是恒生电子是大哥大
Image14001002-7622.jpg,"吕布以勇武出名,魏国在战国初期也最先强盛."
Image14001002-7628.jpg,sig 556 ——〖枪炮世界〗
Image14001002-7812.jpg,笔墨神韵显风骨慈悲宏愿为众生
Image14001002-7824.jpg,恭喜恭喜高要呢条村新增一国家3a级旅游景区你去过吗
Image14001002-8001.jpg,"一篇文章,引发了港股和a股游戏公司股价的集体下跌"
Image14001002-8042.jpg,"""七勇士""成员之佟连捷,<人名>,徐虹祭拜<人名>元帅"
Image14001002-8112.jpg,"提示:语音播报:""前方路口左转弯""后,打左转向灯,点刹."
Image14001002-8139.jpg,"打遍三巨头,狠起来连自己都打!灭霸算"
Image14001002-8177.jpg,"陇西人的正月十五是这个样子的,人山人海,陇西人转起来"
Image14001002-8278.jpg,延庆博物馆
Image14001002-8285.jpg,"如果此图片与房源无关或模糊不清,请点击举报图片 尚景天地内景图"
Image14001002-8295.jpg,内蒙古知名敖包——高正胡热呼敖包祭祀活动暨首届青少年那达慕在
Image14001002-8321.jpg,宅男女神<人名>"龙袍"站台 大秀最炫民族风
Image14001002-8356.jpg,2021少女心炸裂的神仙颜值头像
Image14001002-8392.jpg,女款水墨灰镂空双层领羊绒衫
Image14001002-8426.jpg,"""济南蓝""刷爆朋友圈,随手一拍就是艺术大片!网红"
Image14001002-8427.jpg,"但在保修期上就不算十分慷慨了,仅是刚符合了国家标准而已."
Image14001002-8559.jpg,儿童玩具车大号惯性恐龙工程车运输挖土挖掘机小汽车套装宝宝男孩真
Image14001002-8645.jpg,接吻会染上口腔尖锐湿疣吗?
Image14001002-8748.jpg,省民政厅涉外婚姻登记处:0551-65606091.
Image14001002-8771.jpg,正邮 付方剂学用速记 经方大家付教授的方剂学学用书
Image14001002-8925.jpg,【慕容游记】承德避暑山庄及外八庙(578图)
Image14001002-8935.jpg,氧化剂
Image14001002-8957.jpg,新一期拍拍贷3个公众号刮刮卡抽1-200元微信红包奖励
Image14001002-8993.jpg,"国网河南省电力公司紧急启动i级防汛应急响应,全面进入战时机制."
Image14001002-9051.jpg,听菩萨说悔火亦灸燃吾心必痛苦
Image14001002-9085.jpg,"《复联3》曝光全新概念设计图,雷神风暴战斧展炫酷神威"
Image14001002-9149.jpg,"""新作《天下无拐》是《失孤》最好的结局在电影《天下无拐》导演张鑫"
Image14001002-9160.jpg,只因妻子拒绝出钱给小叔买房凤凰男以离婚相要挟结果弄巧成拙
Image14001002-9224.jpg,"原创胎宝每天在妈妈腹中""小黑屋""里做啥,看了就让人欢喜,怪可爱的"
Image14001002-9237.jpg,"如果去俄罗斯留学顺利完成了学业,毕业后可以留着俄罗斯工作吗?"
Image14001002-9517.jpg,【图解图片_徐州润和传祺gs8图片】-汽车之家
Image14001002-9518.jpg,"3月第三批共53款版号:腾讯完美巨人在列,2款国产ns游戏过审"
Image14001002-9572.jpg,"从全网吐槽到c位出道, <人名>""锦鲤人设""是这样来的"
Image14001002-9592.jpg,"切实做到心有所畏,言有所戒,行有所止,模范遵守各项纪律规矩."
Image14001002-9810.jpg,公交出行提示涉及通州区13条线路部分站名更名北京胸科医院
Image14001002-9909.jpg,"瑜伽裤搭配黄色牛仔外套是蛮有型,宽松款的瑜伽裤很拉风,显瘦无敌"
Image14001003-0003.jpg,中国空军首批双学士歼击机女飞行员步入战位
Image14001003-0028.jpg,全程工作人员费用及补贴
Image14001003-0387.jpg,"主卧阳台隔开放书桌与吊柜加梳妆镜,即可作为办公桌也可作为梳妆台"
Image14001003-0485.jpg,"8月份遇贵人赏识,终于熬出头,不再委曲求全的星座"
Image14001003-0516.jpg,"1,让狗来找你."
Image14001003-0659.jpg,风光摄影-39 云开雾散>
Image14001003-0714.jpg,"87 著名导演,编剧,演员李珈西《表演"
Image14001003-0773.jpg,案例赏析 轻工业风格
Image14001003-0830.jpg,现代灰色拼接瓷砖贴图图片_3d模型_贴图id:46917
Image14001003-0837.jpg,七年前轰动一时的爷孙恋现状如何少女脸上写满了憔悴
Image14001003-0985.jpg,《粉尘爆炸隔爆系统应用指南》规范了粉尘爆炸隔爆系统的应用设计和
Image14001003-0988.jpg,值友故事会篇五宜家卧底两天我回家做了个电视柜
Image14001003-1017.jpg,"行,我一会给你送过去."
Image14001003-1056.jpg,"静态数据游戏玩家优选,每升一级都有1块上下收益,邀请人收益高些."
Image14001003-1063.jpg,是直接针对消防用水水源来说的么
Image14001003-1086.jpg,"众所周知,奥运会的官方赞助商向奥组委支付了巨额赞助费,以期在这个"
Image14001003-1098.jpg,黑龙滩长岛天堂洲际酒店客房图片
Image14001003-1175.jpg,【中山保利天汇二期左岸花园】_楼盘详情-官方售楼
Image14001003-1204.jpg,"克服各种阻挠成立业委会之后,第二次业主大会(第一次是成立大会)就"
Image14001003-1205.jpg,【图解图片_上海金悦汽车锋范图片】-汽车之家
Image14001003-1322.jpg,"早在公元254年的时候,阮籍的母亲去世,许多人都去吊唁."
Image14001003-1384.jpg,哈尔滨儿童医院就医的那些事在这!
Image14001003-1413.jpg,深圳双溪威机场大酒店
Image14001003-1464.jpg,"其中,绿城金沙湖项目已经公布案名——湖上春风里,入市指日可待."
Image14001003-1492.jpg,旅游 正文  安昌是一个具有千年历史的著名江南水乡古镇.
Image14001003-1582.jpg,你一味的付出不过是惯出来的得寸进尺
Image14001003-1827.jpg,"""<人名>""<人名>会穿,粉白色衣服配黑色铅笔裤,穿出好气色!"
Image14001003-1848.jpg,湖人队告别多名球员球队换血成功佩林卡得到詹姆斯认可
Image14001003-1850.jpg,"但前者更厚实的底盘调校,可以带来更好的乘坐舒适性,总的来说,除了"
Image14001003-1868.jpg,"松懈了几天,要补回公里数"
Image14001003-1912.jpg,为什么每个啤酒瓶盖上都是21个锯齿?原来是因为这样
Image14001003-1972.jpg,济南制做11火车列车餐车步行街铁皮复古火车商场步行
Image14001003-1975.jpg,"然而,奔忙可不是行为可以随意,言辞可以散漫的借口呢."
Image14001003-1999.jpg,市场营销股票金融投资理财 巴菲特瑞达利欧查理芒格推崇的价值投资力
Image14001003-2080.jpg,王源如何与阿拉甲主播携手改写命运
Image14001003-2098.jpg,"曾打破鲁尼纪录,英超官宣"
Image14001003-2124.jpg,钓椅包特大双肩背包工具包渔具包钓鱼背包鱼具垂钓包鱼护包
Image14001003-2284.jpg,沈阳多处建筑工地遇招不来年轻人尴尬
Image14001003-2286.jpg,"投票后即可看到截止目前的结果,可以说玩家的选择是一边倒的."
Image14001003-2317.jpg,lichee荔枝法餐厅法国水师兵营
Image14001003-2342.jpg,"无休眠期,耐寒,在北方被广泛种植."
Image14001003-2448.jpg,乙一华丽旅行怪谈
Image14001003-2512.jpg,老街名人留踪系列(五):光华街上一贴膏药卖了三百多年
Image14001003-2684.jpg,"移动互联时代,平安人寿顺势而为将理赔流程线上化,利用拍照上传资料"
Image14001003-2850.jpg,三维工匠宝宝满月万元绸缎布艺红包袋个性创意周岁利
Image14001003-2973.jpg,岭南书画名家<人名>绘画品鉴会在深圳成功举办
Image14001003-2979.jpg,星途凌云400t搭载m3x火星架构pro下的最新2.
Image14001003-3084.jpg,"推广植保无人机播种技术,提升水稻生产机械化水平"
Image14001003-3101.jpg,"区安监局查证属实后,便对该地违规存放危险化学品的责任人作出行政"
Image14001003-3163.jpg,"怀孕30周,最近两天白带特别多,像黄鼻涕,有图片"
Image14001003-3234.jpg,辽宁方大集团实业有限公司
Image14001003-3377.jpg,"加速由区域防卫型向全域作战型转变,向着建设一支强大的现代化新型"
Image14001003-3530.jpg,玉雕刻拍摄10|静物|摄影|羽光摄影 - 原创设计作品
Image14001003-3804.jpg,"2016全能型投资产品即将引爆南昌,作为南昌人必须要知道!"
Image14001003-3848.jpg,威斯康星大学的天文学家们采用超过200万张斯皮策空间望远镜的图像
Image14001003-3873.jpg,直击新乡特大暴雨#(顶端新闻记者 万马)大河报的微博视频
Image14001003-3914.jpg,"对于违规接收""五升六""学生或造成不良影响或严重后果的学校,视情节"
Image14001003-3933.jpg,中国古典讲唱文学丛书 再生缘 (上中下) 一版一印
Image14001003-4023.jpg,"我国初期的最先进护卫舰,拖入上海某船厂将有望迎来一次大换血!"
Image14001003-4061.jpg,恋与制作人图片赏析 高清无水印壁纸全收录
Image14001003-4137.jpg,"若按照睡眠阶段来划分,夜班模式具体应该是这样的."
Image14001003-4210.jpg,财神爷爷资金被盗 数万元深夜被提走
Image14001003-4338.jpg,据说是汉源神女在离开汉江源头时专门祈求龙王留下这条龙来为汉江源头
Image14001003-4420.jpg,"等,坐享公园纯氧,让您健康无忧."
Image14001003-4441.jpg,"如果您曾经留意平行进口车市场,那么您一定对一款跨界车有一定印象—"
Image14001003-4448.jpg,i日款老公生同卡片祝n快手福男友 女妈g妈给的o送礼物
Image14001003-4513.jpg,"没有大毛病,秘诀就是整年喝着自家的蜂蜜,吃着各种蜂产品,接待客人"
Image14001003-4554.jpg,基层动态|从江农商银行举行首笔扶贫产业子基金投放仪式
Image14001003-4632.jpg,"低级别,价格低廉,适用于要求不高的环境及条件中. 3."
Image14001003-4704.jpg,"四是陶坛透气性好但不渗漏,酒体与外界微生物群息息相通,自然吐纳"
Image14001003-4903.jpg,"这癌症,许多名人都没躲过!有一项检查男性体检最好都做做."
Image14001003-5129.jpg,孟鹤堂鄂靖文是不是在一起?
Image14001003-5215.jpg,爆冷夺金惊天大逆转火箭状元榜眼全都要
Image14001003-5263.jpg,top4:<人名>&top8:灵公主
Image14001003-5269.jpg,"这导致,这个承诺很有可能会被他排在最好."
Image14001003-5296.jpg,推荐口齿留香的12道下饭菜荤素搭配营养美味让你回味无穷
Image14001003-5354.jpg,"又到狗中表情之王柴犬出场了,这一个表情可真的不容易呢!"
Image14001003-5356.jpg,"命带多婚,今年感情多变的生肖|丁火|忌神|婚姻宫|地支"
Image14001003-5396.jpg,"而这,正是<人名>的人生重要转折点."
Image14001003-5425.jpg,6元/平.这是继11月惠阳连续流拍3宗商住地后成交的第一宗地.
Image14001003-5455.jpg,"求动漫污污女壁纸~手机高清竖屏壁纸,越多越好"
Image14001003-5589.jpg,"村里的墙绘,你怎么这么好看!"
Image14001003-5598.jpg,"中国书协会员,中国书法研究院副院长,教授)"
Image14001003-5698.jpg,馨诺肥料化肥10g颗粒控释缓释肥花卉盆栽果蔬多肉富土培通用
Image14001003-5808.jpg,一流重点高中和普通高中最大的区别是什么呢
Image14001003-6005.jpg,"英国男子从万米高空跳下,时速400km与布加迪威龙超跑相当"
Image14001003-6006.jpg,"枫香印染手工技艺历经百余年从未中断,皆源于流行地区民风民俗的需要"
Image14001003-6125.jpg,"目前青岛至云南还没有直达列车,济南至昆明高铁年底开通后,青岛市民"
Image14001003-6190.jpg,"<人名>那么高的手术成功率,<人名>自创的肝脏解剖理论,<人名>自创的"
Image14001003-6247.jpg,阿国海鲜自助餐厅
Image14001003-6387.jpg,惊险剧毒眼镜王蛇晚上溜进居民小区ta们已多次造访
Image14001003-6388.jpg,南京师范大学文艺学2022考研经验及备考指导
Image14001003-6470.jpg,让车生活更快乐解锁第七代伊兰特那些神奇技能
Image14001003-6504.jpg,"前期判断很重要,这3点教你快速判断"
Image14001003-6531.jpg,"""当时他正在拍摄《风起霓裳》,已经到了尾声阶段,每天收工时间都在"
Image14001003-6599.jpg,中评分析:赖清德上台拼经济太沉重?
Image14001003-6707.jpg,"一个把爱情,婚姻,孩子分别给了三个男人的女人,最终活"
Image14001003-6799.jpg,"再加上鲨鱼鳍双风扇2.0版本散热系统,拥有更高转速和更大风量."
Image14001003-6804.jpg,"电子挡杆的设计很有新意,摸起来的质感也不错,袖珍的造型出现在偌大"
Image14001003-6901.jpg,退潮后方知谁在裸泳 共享汽车或迎来洗牌
Image14001003-6946.jpg,男子见义勇为受伤成植物人 赔偿难执行或将断药
Image14001003-7062.jpg,"4亿)来计算,只有0.08爽违规经营贷流入楼市.比如,深圳."
Image14001003-7091.jpg,中国供应商出厂价格8.8级高强度碳钢内六角螺栓内六角螺钉
Image14001003-7168.jpg,【疫情防控建议】程实 <人名> | 经济战"疫":市场渐进
Image14001003-7243.jpg,"""二暖""即康乃馨住院探视和赔后慢病管理."
Image14001003-7271.jpg,"《惊奇队长》卡罗尔大战雷神托尔,谁才是复仇者最强英雄?"
Image14001003-7421.jpg,越南总理范明政会见熊波大使_发展
Image14001003-7470.jpg,怕孤厌闹 长街旧人. 别等时光非礼了梦想.
Image14001003-7534.jpg,现货 火影番赏4款 土影长门药师兜手鞠pvc手办公仔摆件模型
Image14001003-7636.jpg,"尽管在和男主打赌之后会因为拖延症不想工作,但是看到男主随随便便就"
Image14001003-7730.jpg,感谢鼓励与支持!
Image14001003-7776.jpg,六方合斗壶
Image14001003-7906.jpg,"显然没有时间交女友,所以关于他与王佩雯交往多年的传闻的确不属实"
Image14001003-7976.jpg,"绍兴老街,弄堂窄窄的,白墙黑瓦,环城河静静的流淌,乌篷船慢慢摇摆"
Image14001003-8025.jpg,陕西悍匪贼王<人名>被执行死刑前提出以绝技换命结局怎样
Image14001003-8142.jpg,"产品具有一定个性的小杨生煎,凤起小笼等则可以归为包点品类的时尚"
Image14001003-8278.jpg,"在刺骨河水中泡了21分钟,这名辅警与队友终于将落水者救上岸"
Image14001003-8393.jpg,德转预测皇马首发姆巴佩阿拉巴在列首发球员总身价达58亿欧
Image14001003-8428.jpg,股神谋求转型:巴菲特欲以300亿美元洽购精密机件
Image14001003-8431.jpg,"安琪的日志93.儿时的年味|新衣,美食&鞭炮"
Image14001003-8475.jpg,"中华文明教化蛮夷,使他们"
Image14001003-8528.jpg,"实现台模合振,以加大振动速度的效果."
Image14001003-8580.jpg,"17所军校2018年在广东招生专业和名额公布,过5关方能"
Image14001003-8705.jpg,某中餐厅带厨房装修cad平面施工图纸
Image14001003-8814.jpg,北京市生态葬最多可获4000元补贴
Image14001003-8819.jpg,"阳在舞台上一扭,瞬间就把人勾到复古氛围中跟着一起嗨了看着在现场被"
Image14001003-8880.jpg,"""归乡""还将提供一条全新的故事主线,新角色亦会同步登场."
Image14001003-9004.jpg,水泥检查井规格-广州市黄埔区水泥检查井-荣智建材
Image14001003-9088.jpg,汽车离合器总成装配线试验台 - 科博达 - 九正建材网
Image14001003-9108.jpg,"戴手表不仅彰显地位身份,更是成熟自信象征!"
Image14001003-9141.jpg,器火星探测器载人飞船火箭科技创新发明自主研发设备成果展示国家力
Image14001003-9142.jpg,"雄鹿夺冠,金靴奖该给谁?字母哥名场面多,但洛佩兹才是"
Image14001003-9319.jpg,黄山特色民宿酒店该如何装修设计
Image14001003-9521.jpg,虽然<人名>和丁伟之间究竟孰强孰弱很多人一时之间谁也说服不了谁
Image14001003-9574.jpg,引经药小议
Image14001003-9589.jpg,"二木带你逛展|日本东京国际园艺展的作品,好看到流泪!"
Image14001003-9721.jpg,"李嫣花百万上贵族学校交白卷,晒图自嘲与数学无缘,却"
Image14001003-9797.jpg,主题:世界级的服装批发市场 常熟招商城旺铺出售 快来抢啊
Image14001003-9886.jpg,"8,樟脑球驱蚂蚁宠派养花大全将准备好的樟脑球磨成粉末撒在蚂蚁经常"
Image14001003-9932.jpg,理查德·普林斯携新展重回高古轩
Image14001003-9962.jpg,现货【外图台版】日据时期的香港简史 / 小椋广胜 香港商务印书馆
Image14001004-0021.jpg,"荆门一轿车突然失控侧翻撞树上,司机被困车内出"
Image14001004-0106.jpg,"经国内权威检测中心和大型下游用户企业鉴定,各项性能指标均可与日本"
Image14001004-0205.jpg,"铁铉死后,他的家人也没能躲过一劫."
Image14001004-0244.jpg,"三门版北京212实车曝光,搭载1.5t国六发动机"
Image14001004-0285.jpg,"吐槽下罗布奥特曼剧场版:期待很大,但也有些许雷人"
Image14001004-0341.jpg,迪迦奥特曼飞船娘化:胜利飞燕号jk造型抢镜
Image14001004-0361.jpg,但这次高空历险还是给他留下了航空性中耳炎和噪音性听力受损的后遗症
Image14001004-0377.jpg,"""而后又对阎鹤祥说:""职业你曾经拥有过!"
Image14001004-0526.jpg,"老子打仗时多少难打的据点都拿下了,还怕你这个梳着两条长辫子的资产"
Image14001004-0534.jpg,"大清摄政王多尔衮早早就死了,这给我们现代人,带来什么启发呢?"
Image14001004-0628.jpg,大家对于低保家庭情况调查和"懒汉"不能吃低保又是怎样看待的呢?
Image14001004-0650.jpg,跨界融合 品高艺精 ——访著名艺术家刘光
Image14001004-0742.jpg,英国| 快乐小猴果蔬汁饮料180ml(3款)
Image14001004-0812.jpg,"泳坛王者! 孙杨8年狂拿6个世界第一, 自曝曾拖着伤腿奥运摘银"
Image14001004-1041.jpg,"二维代码:读取静止,中椿蛴∷⒃诒昵┥系移动中的二维码."
Image14001004-1190.jpg,这次是思维导图双证班!
Image14001004-1192.jpg,兰州南特数码科技股份有限公司还与管理学院共同建立了学生实习基地
Image14001004-1257.jpg,"春节开工请注意,又一女子手被面条机""吞食"""
Image14001004-1290.jpg,"白胡椒和咖啡粒的味道.此酒强烈,多汁,柔滑,带有细微的橡木味."
Image14001004-1293.jpg,稻盛和夫你的好心总被当成驴肝肺2个步骤好心才管用
Image14001004-1390.jpg,"新车标配了前后卤素大灯和大灯高度可调功能,中高配车型还增加了大灯"
Image14001004-1457.jpg,记五六七年级小学初中生统编格列佛游记必读原版原著老人与海世界名著
Image14001004-1484.jpg,作文大赛初赛作品父亲的目光
Image14001004-1496.jpg,远特信时空将传统通信领域的专业经验与移动转售市场的运营服务相结合
Image14001004-1513.jpg,艺术家分享《血源2》设定图 画面明亮与原作相距甚远
Image14001004-1574.jpg,"热忱欢迎有理想,有梦想的初三学子来校就读!"
Image14001004-1642.jpg,"女人有没有大<人名>, 旺夫旺财的还蠛妹, 手相就能看出来"
Image14001004-1683.jpg,恐龙插肩儿童棒针圆领套头毛衣有编织图解
Image14001004-1695.jpg,音乐/广播系统
Image14001004-1763.jpg,盘点:基本面最强硬的公司!中远海控合理股价空间50%
Image14001004-1883.jpg,"推广直播预告,用户可以订阅开播提醒"
Image14001004-1894.jpg,温度表温泉j泡供防水测温石显显示器温度计仿数池厂家仪电子直
Image14001004-1980.jpg,游游仙朝越蓝莓庄园给我一颗蓝莓的时间开启夏日幸福
Image14001004-1988.jpg,小编逛店:科勒卫浴 高端品质带来五星享受
Image14001004-1993.jpg,国内首台集装箱核酸检测实验室来了!这家企业复工后大
Image14001004-2044.jpg,"""足不出院""的远程提审"
Image14001004-2108.jpg,"蝴蝶兰:收翅如瓜,展翅像蝶,健康盛开,蝴蝶自来"
Image14001004-2148.jpg,换鞋凳储物凳欧式创意时尚服装店沙发凳脚踏水晶凳床尾凳皮凳长凳
Image14001004-2330.jpg,"心里有爱,就要鼓足勇气向喜欢的人表白,别给自己留下遗憾."
Image14001004-2386.jpg,父女恋急不得?<人名><人名>被催婚
Image14001004-2405.jpg,缪斯美妆护肤
Image14001004-2430.jpg,"为的就是营造一种真正有内在美,外表却低调不张扬的穿衣调性."
Image14001004-2541.jpg,"为此,凌小娟直言不讳地要求享受同等待遇,遭到凌小云的断然拒绝."
Image14001004-2582.jpg,在体育场外面等待的时光.【&lt;(~)~)&gt;】
Image14001004-2680.jpg,康宝莱参加直企创新经营监管风险性研究活动_发展
Image14001004-2685.jpg,"既失去了灵气又没了<人名>本该有的朝气与活力,再摊上这营养"
Image14001004-2736.jpg,"但不论如何,人类在宇宙面前都非常渺小."
Image14001004-2794.jpg,"建议:年初因为春节假期影响,购买人数减少可适当降低库存."
Image14001004-2824.jpg,枝头上的滴水山花
Image14001004-3064.jpg,"二,师范类专业这个专业说,流行的是向人们销售产品,未来的工作方向"
Image14001004-3101.jpg,中渝山顶道法式大独栋 富人聚居之地 商圈内闹中取静
Image14001004-3123.jpg,五菱宏光mini ev首批用户交车 7月24日上市
Image14001004-3262.jpg,发汗服跑步e服出汗降体服不透气 男h女服暴汗服控体服
Image14001004-3343.jpg,聚焦项目看发展
Image14001004-3388.jpg,"学会垃圾分类等形式树立健康的生活新观念,改变不良生活习惯!"
Image14001004-3417.jpg,碑贴拓片<人名>书法茅屋是吾居 真实碑拓装饰办公司客厅-收藏品
Image14001004-3489.jpg,本菲卡有望以租期两年800万转会费从国际米兰得到拉扎罗
Image14001004-3512.jpg,"林更新玩脱了!怼网友,比中指,说脏话,新剧评分暴跌至6."
Image14001004-3629.jpg,新海诚《你的名字》桌面壁纸
Image14001004-3754.jpg,"不过方向盘两侧有拨片可以调节动能回收力度,要注意的是,只有在踩下"
Image14001004-3791.jpg,"工匠到家:地砖简单快速修复方法,让划痕和污渍再也不见!"
Image14001004-3882.jpg,"猪猪侠:吉丁为达到自己的目的,不择手段,关键时刻小猪猪给力!"
Image14001004-3987.jpg,花园庭院家用灭蚊太阳能地插灯室外防水商用诱捕驱蚊
Image14001004-4028.jpg,"在一次偶然的情况下被星探发掘了,凭借着自己帅气的长相进入了娱乐圈"
Image14001004-4091.jpg,"滁州的美融在这四道色彩中,悠游古今,四色成章."
Image14001004-4123.jpg,"那一年<人名>刚满40岁,从此,他便成了迪克牛仔."
Image14001004-4135.jpg,"耳机连接后自动识别,无线连接状态下依然支持调节使用,界面简洁易懂"
Image14001004-4177.jpg,"直接放尖椒烙用勺子逐个压一会儿,会听到水汽都出来的声音,烙至变软"
Image14001004-4269.jpg,突发国际空间站突然失控nasa准备上演太空大逃亡
Image14001004-4270.jpg,随时待命的专业化妆师为你打造最cool
Image14001004-4272.jpg,图解《喜爱夜蒲1》香港电影 夜场生活剧情
Image14001004-4296.jpg,"平日里李氏和婆婆张氏相依为命,婆媳二人靠着编织衣服勉强维持生计."
Image14001004-4311.jpg,"在暂停后杰伦-格林与工作人员一同回到了更衣室,不过他很快又回到了"
Image14001004-4374.jpg,4路时控光控回路开关智能照明模块经纬度路灯控制器
Image14001004-4376.jpg,"这样过分的冷静甚至让喜欢的他的女嘉宾无所适从,不知道怎么才能打动"
Image14001004-4451.jpg,卡通人物和问号
Image14001004-4536.jpg,河南省温县蓝天救援队党员志愿者在居民小区进行消毒.
Image14001004-4658.jpg,能写这么漂亮的钢笔字.
Image14001004-4824.jpg,"画好苹果肌,才能一笑倾城"
Image14001004-4830.jpg,"中国女排退出亚锦赛原因浮出水面,不是实力,也不是"
Image14001004-4832.jpg,宜春没有办理的抓紧时间!
Image14001004-4884.jpg,规划182平方公里三亚亚龙湾控规修编定位世界顶级旅游度假区之一
Image14001004-4885.jpg,画面唯美演绎极致浪漫 正邪比力即将打响
Image14001004-4888.jpg,日本传染病专家解说辉瑞摩德纳疫苗为什么第2次接种副反应
Image14001004-4922.jpg,大民屯凹陷精细勘探实践与认识 陈振岩
Image14001004-4925.jpg,璀璨的商代江南青铜文明:新干大墓
Image14001004-4927.jpg,"正是在这种情绪下,彭湃对彭蔓有些不满."
Image14001004-4931.jpg,火箭一球员的定位极其尴尬 重建球队不需要 而争冠球队又要不起
Image14001004-4972.jpg,"军方与通用电气,普&惠签订合同,研究巡航发动机的布局."
Image14001004-4985.jpg,<人名>公主墓墓志铭(原拓保真)
Image14001004-5018.jpg,"王者荣耀体验服芈月宣太后正式登录,界面更改五虎将换稷下星之队"
Image14001004-5050.jpg,"邓超为陈赫庆生,祝他明年生日瘦回"
Image14001004-5075.jpg,汽车流言板长安univ四门轿跑预告
Image14001004-5107.jpg,银行人眼里的16幅世界名画:天黑之前基本上没回过家
Image14001004-5140.jpg,女子代替牺牲的丈夫修挂壁公路#】贵州省毕节市赫章县白果街道石板河
Image14001004-5148.jpg,"高杉真宙,间宫祥太朗加盟《tori girl》演情敌"
Image14001004-5277.jpg,股票熊市的超短线选股技巧介绍_股价
Image14001004-5298.jpg,世界最长悬挑玻璃廊桥
Image14001004-5396.jpg,大型壁画3d火骷髅ktv墙纸墙布吉他音乐酒吧主题壁画镭射反光壁纸
Image14001004-5470.jpg,高三一轮复习电功和电功率复习课件答案ppt
Image14001004-5486.jpg,"听说敦煌文博会中,王者荣耀力担c位秀翻全场?"
Image14001004-5579.jpg,湾港产城联动提升协同发展区发展水平
Image14001004-5600.jpg,"湖南人有福啦,美汁源ar""3重惊喜""来袭"
Image14001004-5696.jpg,大阪关西春拍:重要中国古董通览
Image14001004-5929.jpg,"说到秦奋,知道他的人脑海中不由自主的就会浮现国民男神,后宫无数"
Image14001004-6082.jpg,"评委会这样评价他:""安野光雅在促进艺术交流与互相了解方面,扮演了"
Image14001004-6101.jpg,"谭松韵哪像30岁,穿抹胸""流沙裙""甜得直冒泡,说20出头都不为过"
Image14001004-6108.jpg,影视剪辑果然是将门之后连手撕绿茶都这么带劲结尾我笑了
Image14001004-6162.jpg,一年赚2500亿<人名>晋升中国首富你贡献了多少
Image14001004-6236.jpg,"黑管唇膏应该不用多说了吧,很多妹纸们的心头好了!"
Image14001004-6287.jpg,比特币交易平台中币官方注册下载
Image14001004-6302.jpg,男朋友咋这么直太不关心女友了无语
Image14001004-6326.jpg,"晒晒96平新家,原木系自然风新家,客餐厅好看又实用"
Image14001004-6333.jpg,背后的心酸和刻苦也只有<人名>自己知道
Image14001004-6450.jpg,数学北师大版四年级下册《栽蒜苗二》——认识折线统计图.ppt
Image14001004-6501.jpg,闪电客足疗按摩床足浴沙发多功能电动躺椅桑拿推背沐足疗店美甲美睫
Image14001004-6701.jpg,"沿动物身体主轴横断为两部或多部,然后由各部分发育成新个体的方式."
Image14001004-6822.jpg,五一旅行书单|一次另类的"艺术"巡游
Image14001004-6890.jpg,冯雷《三爱》过偶像剧隐 与<人名>戏外"互掐"
Image14001004-6913.jpg,"城乡教育更加均衡,去年以来中小学和幼儿园分别新增学位2."
Image14001004-6942.jpg,纯儿牛仔加盟最少需要多少钱?23.8万元开创致富新时代
Image14001004-7009.jpg,"同样日本的神级美女泽口靖子,这张照片真的美哭了所有人."
Image14001004-7063.jpg,"当我们由爱生恨时,想要对方粉身碎骨,最终酿成惨剧."
Image14001004-7148.jpg,但是第二季度和第三季度会出现报复性反弹
Image14001004-7170.jpg,不会拆卸笔记本的电池记住这三点你就是拆机达人
Image14001004-7197.jpg,东京申奥最美代表:日法混血 曾传不雅视频
Image14001004-7208.jpg,"致家长:你的努力,同孩子一样重要"
Image14001004-7357.jpg,《天文板论语》原装原函2册1套全 何晏集解 附南宗论语考异1册
Image14001004-7431.jpg,"""叶罗手作""木雕饰品工作室便应运而生."
Image14001004-7441.jpg,【战报】惠州惠新主场7:1大胜韶关星辰!
Image14001004-7555.jpg,<人名><人名>亲密合影 <人名>徐濠萦齐聚品牌秀【组图
Image14001004-7611.jpg,大容量集中式储能电站以及分布式储能的广域协同聚合是规模化储能的
Image14001004-7685.jpg,6161的本务和正在进站的k114
Image14001004-7770.jpg,"我们经手过很多猫咪,猫咪亲人不亲人的概率和是否从小饲养的概率都是"
Image14001004-7805.jpg,凝聚力与向心力(一个高绩效团队的向心力和凝聚力作用)
Image14001004-7874.jpg,"数万人连夜携牛逃跑,残酷的印巴火药桶和平出路在何方?"
Image14001004-7947.jpg,62 亿!兰州市七里河安宁污水处理厂改扩建工程
Image14001004-7963.jpg,"首先这些幼儿园都已经完成了室内装修,初步估计会在9月份开园,具体"
Image14001004-8018.jpg,电子工厂工作总结(电烙铁篇) - r1的日志 - 网易博客
Image14001004-8024.jpg,公司独宠她一人太明显?jennie成团中首位solo出道成员
Image14001004-8053.jpg,"q4:赴港,澳地区学习者,能否办理就业落户手续?"
Image14001004-8209.jpg,恭喜乔老板喜提缔途双排3米汽车
Image14001004-8225.jpg,"而且现在的明星往往会给自己安上独有的人设,比如黄小厨黄磊,小绵羊"
Image14001004-8276.jpg,6385万元 首付比例: 首付3成 首付2.
Image14001004-8285.jpg,华南师范大学数学阶梯教室跟数学学院三楼机房在石牌校
Image14001004-8357.jpg,怎样养好新到家的小猫咪
Image14001004-8428.jpg,"且5月已开始进入雨季,伞是一定要带着的."
Image14001004-8460.jpg,"自治区科技厅高新处处长<人名>,桂林市工信委副主任莫国才等相关领导"
Image14001004-8553.jpg,iphone手机怎麼换铃声 iphone换铃声方法
Image14001004-8650.jpg,疫情防控不力安庆这12家医疗机构被查
Image14001004-8743.jpg,"年复一年,父子俩就靠着种地和砍柴为生,日子十分清苦."
Image14001004-8745.jpg,"结婚当日,不仅仅是不给婚礼,还一脸严肃地对妻子说:你长得好丑."
Image14001004-8754.jpg,"感冒后应该怎么办,美国相关研究为我们揭示了这一系列问题的答案."
Image14001004-8784.jpg,"未来,拜特科技也将坚持创新与升级,基于对客户需求及业务流程的深入"
Image14001004-8888.jpg,六神花露水195ml
Image14001004-8972.jpg,他是时尚大帝老佛爷 与ysl争风吃醋一辈子
Image14001004-9023.jpg,苏州墙体彩绘-现代欧式风格搭配墙绘
Image14001004-9148.jpg,"我们首次提出问题的定义和量化公式,最终结合多帧信息非常好的解决了"
Image14001004-9229.jpg,清华深研院<人名>同学作品荣获2018icva大赛金奖
Image14001004-9260.jpg,"《电锯惊魂9:螺旋》票房超8亿血浆系列大作,虐心回归"
Image14001004-9314.jpg,那个"移动数据"的图标即为手机移动数据的开关.
Image14001004-9649.jpg,"2019年广西廖氏盛泰公祭祀盛况 廖家人,转起"
Image14001004-9759.jpg,女神季正当红!万新弘文府口红全城派送 宠礼来袭
Image14001004-9763.jpg,作为粉丝我们也将一路同行
Image14001004-9848.jpg,md · 葬天尘/rsdemo - gitee.com
Image14001004-9888.jpg,转入我院后复查的头部ct显示中线又有移位
Image14001005-0037.jpg,基础知识梳理 中亚 北亚
Image14001005-0141.jpg,微耕机家c用复盖机机o地膜铺x农用省力工可膜覆花生具
Image14001005-0142.jpg,"手上出现这个症状,是气血""耗尽""了,该补气血,特别是女人!"
Image14001005-0179.jpg,"与往年相比,今年成绩查询最大的变化就是能马上知道自己是否进面"
Image14001005-0222.jpg,"【很哥解密】安家里扮房似锦家人的演员,不仅有孙俪的"
Image14001005-0305.jpg,"《一课一练》和《凸变英雄》部则属于搞笑泡面番,以出现大量的夸张"
Image14001005-0492.jpg,"短尾琉金金鱼是文鱼传到日本,."
Image14001005-0513.jpg,"维京邮轮,驶向初夏的中欧梦"
Image14001005-0526.jpg,二战中肆虐亚欧的日德摩托
Image14001005-0582.jpg,复古禅意中式粗陶陶瓷坛子插花器室内外陶瓷落地大号花瓶橱窗摆件
Image14001005-0670.jpg,杭情施意丨配好乡村振兴"金钥匙"
Image14001005-0713.jpg,一起给切切过生日
Image14001005-0829.jpg,g09 希尔塔赫的温暖午后
Image14001005-0919.jpg,娱乐圈新鲜事的微博视频
Image14001005-0980.jpg,系列气弹簧现有(部分)规格一览表
Image14001005-1016.jpg,新界两区指数有力向升 支持整体楼价高位企稳
Image14001005-1029.jpg,社区智能安防的总体架构
Image14001005-1140.jpg,"河南一学校组织学生集体砸手机,律师5问组织者!|犯罪"
Image14001005-1198.jpg,【彰显特色 均衡发展】省公路局孙校伟副局长调研三门
Image14001005-1218.jpg,"来看!广安湖羊上央视啦,见证村民如何过上""羊""气生活"
Image14001005-1219.jpg,"他给予调查兵团诸多帮助,才让兵长他们能够险中求胜."
Image14001005-1307.jpg,"从见证到钟意,媒体大咖实力证言!"
Image14001005-1349.jpg,"方非一式,圆不一相.很多紫砂壶的造型,从古到今,长盛不衰."
Image14001005-1410.jpg,其他混合设备-配料计量系统 高精度 江苏 常州-其他尽
Image14001005-1477.jpg,"""我的妈妈会将随机的布料和材料组装起来,制造出她的作品."
Image14001005-1630.jpg,热血二中人|我校2019年春季田径运动会隆重开幕
Image14001005-1672.jpg,不能让学生
Image14001005-1740.jpg,"这款手表还设有30米的防水,在日常生活中不用担心进水问题."
Image14001005-1757.jpg,"6,用打蛋器先把粉粉拌匀,再开低速搅拌成细腻,无颗粒的蛋糕糊"
Image14001005-1798.jpg,"亚锦赛宁队率先怼上卫冕冠军,孙颖莎1/4区就"
Image14001005-1888.jpg,男潮2021新款春季鞋气网面韩版c透流百搭增高男士运动
Image14001005-1900.jpg,"干这活儿于私可以锻炼身体,为公能宣传党的政策,可谓一举两得."
Image14001005-1937.jpg,"三国时期,交州属于吴国地盘."
Image14001005-2008.jpg,"以上为永不止步ipfs个人建议.投资有风险,入场需谨慎."
Image14001005-2105.jpg,秦岭——横亘东西的华夏龙脉
Image14001005-2184.jpg,红色指示灯--正在充电中.从0电充到满大概需要45分钟左右.
Image14001005-2238.jpg,"起初这种起云剂是用棕榈油等天然油类制备而成的,但天然植物油中不"
Image14001005-2252.jpg,107国道小刘桥3.中州大道商鼎路下穿隧道2.东三环经北六路1.
Image14001005-2391.jpg,"在广西平南县竟然还有这么大一个动物园,雄森动物大世界"
Image14001005-2524.jpg,回娘家一趟把弟弟和弟媳赶出家门爸妈也没有吭声
Image14001005-2598.jpg,"时间是最公正的评判者,一切事物莫不接受其检验."
Image14001005-2635.jpg,"重大信号!楼宇经济,空港商务区……双流即将大变样!"
Image14001005-2767.jpg,"昨天,我因为手机里没有安装拼多多,被踢出了群聊"
Image14001005-2816.jpg,"以上是摘抄的句子中的一页,好在高考语文不错,没有辜负ω"
Image14001005-2940.jpg,微信图片_2021082515550038.jpg
Image14001005-2947.jpg,兽王争锋
Image14001005-3037.jpg,"建成后,从广州南站出发,搭七号线20分钟左右就能到达终点站美的"
Image14001005-3094.jpg,上热门翘着二郎腿的老婆我没猜错的话是小金人祸祸的吧
Image14001005-3160.jpg,"桥梁支撑架使用碗扣脚手架的居多,也有使用门式脚手架的."
Image14001005-3174.jpg,未来河南暴雨会发生哪些变化?遇到暴雨灾害我们该如何防范?
Image14001005-3179.jpg,分享于何小姐的婚礼家 返回搜             责任编辑
Image14001005-3207.jpg,燕窝工厂是如何加工燕窝的
Image14001005-3334.jpg,中金投集团提供的主要业务包括:利用自有资金开展直接贷款业务;通过
Image14001005-3336.jpg,光绪三十二年拜人物画家赵鸿雪为师.
Image14001005-3390.jpg,"有些地区,仅一个加氢站的土地成本就高达数千万元."
Image14001005-3399.jpg,最会画女人的美女艺术家勒布伦夫人
Image14001005-3430.jpg,朝冠耳 方香炉
Image14001005-3474.jpg,胡集镇重拳出击严打涉油违法犯罪
Image14001005-3568.jpg,心有余而力不足快船被迫放弃177小钢炮86妖卫成目标
Image14001005-3684.jpg,"起步轻盈,加速快,没有顿挫感,而且刹车效果也非常出色."
Image14001005-3766.jpg,安<人名>朱莉:气场强大的女人
Image14001005-3836.jpg,深度|为什么说塞尔比首轮出局不算大冷门
Image14001005-3865.jpg,工程施工管理工作施工中没有严格执行隐蔽工程安全技术交底和报关报检
Image14001005-3876.jpg,"集铁家园 3室2厅2卫,毛坯,急售"
Image14001005-4007.jpg,"新房装修,飘窗改一改,胜过多买5平米!"
Image14001005-4041.jpg,奥迪双钻机甲兽神2爆裂飞车3星能觉醒玩具套装晶片竞技自动夺晶变形
Image14001005-4049.jpg,"但是一定要将基本的数字,符号写清楚,不然上面的方法都无法发挥作用"
Image14001005-4165.jpg,"只是剪短之后还保留这么深的发色,就会显得不灵动活泼,如果刚好你对"
Image14001005-4217.jpg,有部分现车到店 本田雅阁优惠达1.3万元
Image14001005-4221.jpg,"赵薇,<人名>也皇窃谀玫秸饪榻虾玫那妹抛┖,继续向前不断迈进的."
Image14001005-4256.jpg,疫苗接种宣传免扣图
Image14001005-4294.jpg,瀚大黎众|川美蓝东周连环画《东周列国故事》之六十四
Image14001005-4317.jpg,青藤哥哥
Image14001005-4373.jpg,"君子兰不开花,这招最好使,花箭嗖嗖窜出来,一盆开花上"
Image14001005-4400.jpg,一年级课外书必读 童谣和儿歌人教版注音课外阅读书籍
Image14001005-4464.jpg,"关于线段的基本事实: 两点的所有连线中,线段最短."
Image14001005-4528.jpg,"相比起在中保研撞出垫底成绩的帕萨特,迈腾其实在产品品质方面或许更"
Image14001005-4587.jpg,形象展示-西安凯迪物流运输有限公司-物通网会员http
Image14001005-4612.jpg,天邦食品股份有限公司→天邦全熟化"蟹三超"料
Image14001005-4640.jpg,"叙利亚叛军新大战打响第一枪:叙俄联军基地被占后,美军不撤军了"
Image14001005-4692.jpg,护理核心制度(六):药品安全管理制度
Image14001005-4752.jpg,"演出还是很震撼的,灯光和大自然融为一体,还看到了夜空的繁星,提醒"
Image14001005-4754.jpg,"《流水生财》祥瑞之气集于一身,设置手机壁纸十分吉利!"
Image14001005-4766.jpg,津津有味烧烤餐厅(锦榕大厦店)烤猪肉串图片
Image14001005-4768.jpg,海军广州烈士陵园旅游景点攻略图
Image14001005-4789.jpg,"影视综艺两开花,《王牌部队》后又"
Image14001005-4828.jpg,"持股数减少一半,基金几乎跑光,格力电器只留下了散户?"
Image14001005-4882.jpg,还有就是学校的实力还是不够强
Image14001005-4994.jpg,简友家具办公桌 时尚办公前台 接待台 收银台 咨询台
Image14001005-5021.jpg,雷峰塔藕香居中式茶餐厅-室内-空间
Image14001005-5140.jpg,"最重要的就是不要去看远方模糊的,而做手边清楚的"
Image14001005-5216.jpg,难道不比年轻人更值得拿到s卡?
Image14001005-5267.jpg,"走进长街,一股历史的沧桑感扑面而来."
Image14001005-5491.jpg,"因为有人在网上看了,就不会在线下买了."
Image14001005-5511.jpg,初中生迎坏消息2021中考将延期举行学生和家长慌了神
Image14001005-5569.jpg,优惠券系统细节剖析(二):优惠券后台创建流程设计
Image14001005-5672.jpg,电动牙刷火爆的原因是什么真比普通牙刷好吗牙科医生这样回应
Image14001005-5734.jpg,"狮子头做工讲究,成菜口感软糯柔滑,肥而不腻."
Image14001005-5788.jpg,绘画日记本一年级小学生日记本幼儿园带拼音田字格看图写话本子少儿
Image14001005-5943.jpg,地方站>正文> 北京冬奥会会徽雕塑.
Image14001005-5947.jpg,"雨中零落的石榴花,一地残花,看着心碎"
Image14001005-5952.jpg,h3c数据中心方案设计及设备选型比赛
Image14001005-6093.jpg,"搞笑 正文  在澡堂相遇的两个萝卜: 笑口常开,好运自来!"
Image14001005-6098.jpg,"位列第四位的就是罗家枪法,代表人物是湖广<人名>,他是这四个人里面"
Image14001005-6128.jpg,厂家直销 专业定做 高精度减速器输出轴 洗衣机减速机
Image14001005-6157.jpg,"四大模式 | 招行乐视掐架,和""内保外贷""有啥关系?"
Image14001005-6249.jpg,宁夏2021高考本科第二批院校投档线(理科)|太原师范
Image14001005-6304.jpg,7种美容方法让你亮丽动人 橄榄油的美容方法 - 民福康
Image14001005-6322.jpg,国内有哪些知名的智能家居品牌?
Image14001005-6327.jpg,"世界政坛就是这么有意思.最近,德国总理去俄罗斯访问了."
Image14001005-6335.jpg,"1982年不过,真正的转折发生在直到50多岁依旧没有实现主演梦."
Image14001005-6394.jpg,什么是新工艺白茶与做旧茶一文带你理清关系今后不怕买错茶
Image14001005-6456.jpg,"<人名>战败后连发数条微博怒斥熊呈呈,熊在撒谎要不是"
Image14001005-6487.jpg,"老鸭柿种2年了,还没开过花,这是为什么?买桩种的"
Image14001005-6559.jpg,"分析了美国著名大公司的丑闻,裁员,重组,近期财务状况和其他主要的"
Image14001005-6585.jpg,九略—东湖高新—项目计划和总结2.doc 1页
Image14001005-6737.jpg,《中国烹饪》封面<人名><人名>刘毅姜习<人名>郑友梅<人名><人名>李淑
Image14001005-6813.jpg,提车半个月心得
Image14001005-6817.jpg,万众瞩目!隆盛地产御字系高端首作揭晓!
Image14001005-6877.jpg,外婆是一个通达且明事理的老人 在华莉丝赤脚逃婚穿越沙漠来到她的
Image14001005-7013.jpg,"下面要讲的东西,跟我们上篇所写的安徽,刚好是紧密相关的."
Image14001005-7025.jpg,鬼谷子正版书原著无删减捭阖七十二术本经阴符七术与攻心术鬼谷子
Image14001005-7056.jpg,"最左边的<人名>,大概是那个时候跟<人名>有了交集,直到之前一组她和"
Image14001005-7128.jpg,单票 票 票据 640_743
Image14001005-7348.jpg,韩国yg公司老板<人名>告记者损毁名誉 索赔2亿韩元
Image14001005-7414.jpg,陆风x6 2007款 新饰力 2.8l 四驱标准
Image14001005-7455.jpg,"去公园,野生动物园,郊外等地方游玩时,应特别注意不要接触野生禽鸟"
Image14001005-7664.jpg,经典高端共赢未来古风禅意佛本是道ppt模版
Image14001005-7745.jpg,「百年盛世·大家风范」著名画家<人名>作品展 - 藏艺
Image14001005-7788.jpg,上海书画出版社 - 书问
Image14001005-7824.jpg,"后系统会自动生成相关数据表格,支持进行快速打印或批量导出电子表格"
Image14001005-7890.jpg,"产品特点,产品优势以及顾客的消费习惯进行设计出适合本身的一款纸"
Image14001005-7909.jpg,张家口 赤城 南仓堡
Image14001005-7914.jpg,连云港旅游招商推介会在日本大阪举行
Image14001005-7962.jpg,最终实现公司北美区域国际航线多条航路灵活优选和北京=布鲁塞尔航线
Image14001005-8031.jpg,全 中国当<人名>作品选一二三 -76- 上下册 庆生 又平
Image14001005-8073.jpg,"控制车速,保持车距,各行其道."
Image14001005-8125.jpg,"过去靠滚雪球的金融玩法或许很难行得通了,因为现在拿地金额必须跟卖"
Image14001005-8140.jpg,毕节水陆战车厂
Image14001005-8147.jpg,"努力,坚持,自爱,沉静,提醒年轻的自己!"
Image14001005-8190.jpg,两人离开喀布尔后发表声明说:「美国对我国公民和忠诚盟友负有道德
Image14001005-8195.jpg,小学四年级数学上册第二单元试卷(配人教实验教材)答案
Image14001005-8253.jpg,【仕】定制手工缝制固特异绅士商务男整张意大利小牛皮鞋皮底婚鞋
Image14001005-8352.jpg,"纵观其股东亦多为全球顶级投资人;成立之初,其获得红杉资本等机构的"
Image14001005-8357.jpg,用于心悸 失眠多梦】和田维吾尔 健心合米尔高滋斑安比热片 0.
Image14001005-8360.jpg,"本质上讲,女人自我价值的实现是在男人对她的认可,爱慕中才能实现."
Image14001005-8504.jpg,风情滨水商街
Image14001005-8590.jpg,名家 惠维 山水 - 作品161终南山雪景
Image14001005-8715.jpg,"【组图】耍猴人最底层的卖艺人凭双手吃饭,却处处遭人"
Image14001005-8725.jpg,这种温情的文化和生活方式每年吸引了超过百万人次的业主参与到金科
Image14001005-8935.jpg,"1928年, 珂勒惠支被选为 柏林艺术学院版画部主任"
Image14001005-8950.jpg,"北京反恐特警总队,展现不一样的骑士风采!"
Image14001005-9118.jpg,京沪二线最新消息 2019京沪二线莒县诸城最新_京沪二线山东调整
Image14001005-9195.jpg,"人社部,深圳市领导等与hroot总经理<人名>共同为深圳"
Image14001005-9265.jpg,(巴黎) 瑞士意大利七日浓情之旅(编号:sit7)
Image14001005-9272.jpg,辞旧迎新的快乐
Image14001005-9275.jpg,初中老师全款买房被家长举报月收入不超5000用什么买的
Image14001005-9311.jpg,斗罗大陆魂师对决<人名>阵容怎么搭配
Image14001005-9343.jpg,三步走广誉远到底能走多远
Image14001005-9432.jpg,[新车谍报]路虎改款神行者2路试谍照曝光_汽车_腾讯网
Image14001005-9591.jpg,恒大影城群力店 恒大影城(群力店)入驻道里群力新区 道里区第一家
Image14001005-9719.jpg,"有多少痴情,只是因为不甘心"
Image14001005-9757.jpg,浪漫后现代风格斜顶阁楼装修效果图
Image14001005-9765.jpg,"京城最in八家网红甜品店,你拔草了几家?"
Image14001005-9804.jpg,"为进一步推动消费升级,北京将孵化一批新消费品牌."
Image14001006-0071.jpg,""" 离开泸沽湖的那个早上我很舍不得."
Image14001006-0367.jpg,"鄢颇风流了一辈子,梅婷,李小冉这样的大美女全部都被她错过了,而"
Image14001006-0514.jpg,而手动挡汽车就需要通过适时切换挡位来改变车辆速度以及发动机扭力的
Image14001006-0532.jpg,"这座南宋小城曾让蒙古军队停止征伐,影响欧亚大陆的历史"
Image14001006-0565.jpg,乌总理季莫申科:"平民女孩"到"天然气公主"
Image14001006-0614.jpg,君山别墅3室3厅150㎡288万二手房图片
Image14001006-0620.jpg,《见字如面2》成"视帝视后"顶级讲堂
Image14001006-0730.jpg,人参五宝茶黄精桑葚枸杞熬夜身体大补调理滋补品男人养生八宝肾茶
Image14001006-0776.jpg,服务留个半星算给面子了.
Image14001006-0827.jpg,"她强调,古岘镇有历史,有文化,美丽乡村建设要与特色镇打造充分结合"
Image14001006-0855.jpg,"都会带来整个行业新的一波洗牌,也会带来新的行业的发展机会"
Image14001006-0884.jpg,"巴基斯坦总理伊姆兰·汗确诊,莫迪祝早日康复"
Image14001006-0905.jpg,并非蜗居那么简单 欧洲悄悄流行"睡觉箱"
Image14001006-1009.jpg,青霉素皮试
Image14001006-1171.jpg,亲子阅读怎么选书?不同年龄段孩子要读的书不同
Image14001006-1194.jpg,8折开撸!
Image14001006-1257.jpg,"赶紧跑吧,有个谢顶的怪蜀黍拍着篮球追你来了."
Image14001006-1359.jpg,"这是中国的本月大船集团,所交付出来的一艘,名字为凯力轮的大型油船"
Image14001006-1380.jpg,"随着中国社会老龄化趋势的加深,老年教育作为终身教育不可或缺的重要"
Image14001006-1390.jpg,【二手9成新】老版中医医籍《血证论》全1册"本书为清代医学家.
Image14001006-1512.jpg,基于生态保护红线10自然保护区和国家公园及重要生态功能区等明确
Image14001006-1521.jpg,刘东一行详细了解 郑州十一中考点考务工作情况
Image14001006-1573.jpg,swm斯威x7正是精准地切合了这一用户需
Image14001006-1681.jpg,"语文的基础选择题和默写题,功夫在平时,靠临时抱佛脚很难获得考前"
Image14001006-1714.jpg,信用评级aa还打造了贵州本土的网约车平台这家企业厉害了
Image14001006-1770.jpg,王者荣耀 圣斗士不仅可以联动后羿出皮肤 还可以联动这十个英雄
Image14001006-1832.jpg,"他们就是七杀剑武魂的传承者,九十七级极限斗罗尘心,另外一个是先天"
Image14001006-1999.jpg,新款大众途观l有望九月上市颜值小改能回到榜首
Image14001006-2004.jpg,"海贼王:海米们一定要看这部电影哟,老沙,斯摩格,女帝"
Image14001006-2161.jpg,"葫芦是一年生的 攀援草本植物,全身布满细毛,叶片近似心形."
Image14001006-2283.jpg,"对网络设备要有一定的可管理性,可以方便的进行远程管理. 4."
Image14001006-2329.jpg,"外媒:科学家首次发现神秘天体,悬浮在太阳系边缘"
Image14001006-2540.jpg,"广东宏远大胜夜留隐患,超级小外援手腕再度受伤令人担忧!"
Image14001006-2546.jpg,"个人债务是指夫妻一方为满足个人需要所借的债务;夫妻共同债务,通常"
Image14001006-2644.jpg,"明星为拍美照太拼,杨紫躺桌子,<人名>用脚趾,我就服包"
Image14001006-2660.jpg,一元二次不等式相关的题.
Image14001006-2665.jpg,"蟹虾一锅煮,竟能如此的好吃!根本吃不够"
Image14001006-2736.jpg,给大家表演一个美女过生日
Image14001006-2834.jpg,wtt多哈赛伊藤美诚<人名>和轻松闯关平野美宇石川佳纯出局
Image14001006-2980.jpg,"呼伦贝尔草原,海拉尔-白桦林-驯鹿园-临江-满洲里,6日"
Image14001006-3037.jpg,2018-12-07 举报 删除 埃及公主为争夺
Image14001006-3049.jpg,"恰恰现在有非常多的伙伴,选择观望,而不敢去行动,为何这一现象特别"
Image14001006-3197.jpg,"x线片检查结果显示,骨盆倾斜,双髋关机融合,骶髂关节融合."
Image14001006-3237.jpg,肖战又双叒登上商业财报商务魔王一骑绝尘早已初露峥嵘
Image14001006-3264.jpg,"《花千骨》是由慈文传媒集团制作并发行,<人名>"
Image14001006-3268.jpg,dnf:鬼剑士各职业专属天空套盘点 深渊恶魔配红眼毋庸
Image14001006-3275.jpg,创新才能发展!
Image14001006-3283.jpg,华泰人寿安心稳赢年金保险
Image14001006-3446.jpg,赵匡胤把中唐200年以来的毒瘤根除掉代价是自身性命
Image14001006-3466.jpg,"绍兴籍演员<人名>出任此次电影节亚洲新人奖单元的评委,是除了导演"
Image14001006-3487.jpg,调浓墨画竿.
Image14001006-3649.jpg,"白色垭口与一组嵌入式餐边柜,美观的同时增加空间的收纳机能"
Image14001006-3846.jpg,"师曰:尔等莫怕,知其皆冤屈之鬼,切莫再做恶毒之事,吾领其明善修德"
Image14001006-3847.jpg,快贷网|网贷黑名单上岸攻略详解!
Image14001006-3849.jpg,"年初该去催债了!教你一招,欠款秒到账!"
Image14001006-4071.jpg,地主爷的来源及祭拜吉日
Image14001006-4275.jpg,忻州这里来了一群白天鹅 摄影师随手一拍留住了它们
Image14001006-4338.jpg,"这里山涧秋季到处可见酸甜可口的野果,美味极了!"
Image14001006-4501.jpg,yt-trb土壤肥料养分速测仪价格
Image14001006-4538.jpg,"来点木耳边,点缀你的美"
Image14001006-4570.jpg,正能量中餐厅林大厨给河南捐百万急需物资准备过程好用心
Image14001006-4706.jpg,"27元开通文库会员,1."
Image14001006-4837.jpg,陈裕咸之死追踪:警方文件称假种子案10年前已撤案
Image14001006-4849.jpg,"不难发现这两位玩家已经加好友有一段时间了,两位玩家都再相互争夺榜"
Image14001006-4862.jpg,"鸣人:5秒一印,佐助:3秒一印,他"
Image14001006-4897.jpg,听说三辰苑菜场那里拉了警戒线?""我还能去上班吗?
Image14001006-4955.jpg,"也不用刻意相夫教子,更不需走上以往名媛的社交之路."
Image14001006-4977.jpg,"正月初一,很养心的几幅小画送你,充满哲理哦!"
Image14001006-5004.jpg,靖西市召开农村危房改造攻坚月协调会
Image14001006-5145.jpg,直播预告 | <人名>:老年高血压的诊断与治疗中国专家共识解读
Image14001006-5230.jpg,"<人名>也与几位主演也在拍摄中也逐渐建立深厚友谊,在拍摄现场大玩"
Image14001006-5337.jpg,"十四,产业布局规划"
Image14001006-5577.jpg,"<人名>去邓莎家不仅没带礼物,还偷懒不想干活,包贝尔"
Image14001006-5773.jpg,"基金,股票,债券三者的不同"
Image14001006-5830.jpg,究竟是女神太敬业而入戏太深无法自拔?还是另有隐情呢?
Image14001006-5990.jpg,图为红其拉甫边检站民警在国门界碑前庄严宣誓.
Image14001006-6059.jpg,呆头"电鳗万能充"爱心满满!
Image14001006-6110.jpg,新浙教版八年级上册科学作业本答案
Image14001006-6120.jpg,婺源县价格马犬属于大型犬吗_供应信息_金农网
Image14001006-6142.jpg,"top30 · 安信三板 | 大浪淘沙沉者金,紧盯板块领头羊"
Image14001006-6179.jpg,请高手告我缺点是什么怎么改!相机如何设置啊!用的是卡片机.谢谢
Image14001006-6363.jpg,"开车的过程中,我们经常因为操作步骤先后顺序的不确定,造成"
Image14001006-6385.jpg,谁来湖人囊中羞涩难抢庄神考辛斯有望再续前缘大白边也可
Image14001006-6434.jpg,销售人员比研发人员高20万
Image14001006-6579.jpg,心脑血管病症解剖知识挂图 医院健康文化宣传海报 人体系统解剖图
Image14001006-6815.jpg,与"火炬"空中干涉部队交战并最大程度消灭其战斗力.
Image14001006-7103.jpg,"手臂会自然伸直,手腕应该落在方向盘上,高空作业车辆是一种由液压或"
Image14001006-7399.jpg,3 价值评估基础.jpg
Image14001006-7603.jpg,"喜欢用偏生有书法韵味的宣纸,不适合经常用熟宣书写者"
Image14001006-7628.jpg,重庆夜景指南_游记
Image14001006-7671.jpg,"三伏天这样吃冷饮,竟能越吃越瘦."
Image14001006-7679.jpg,"这是线上考试的一个非常重要的方面,那么在复试前一定要交摄像头还是"
Image14001006-7739.jpg,"其次,根据我对体相学的研究,<人名>绝对不是牙签!"
Image14001006-7775.jpg,劳士顿专柜正品手表男女对表情侣表商务休闲防水石英表
Image14001006-7800.jpg,双色套印的聊斋志异新注一册
Image14001006-7860.jpg,<人名>纪念地"送"出精神"迎"回实地学习者
Image14001006-7891.jpg,"如果未来一段时间内我国用电需求没有增加,供大于求的情况不能缓解"
Image14001006-8007.jpg,"脂砚斋重评石头记(套色影印本,1975年一版一印)"
Image14001006-8013.jpg,"说起<人名>的时候,不知道网友们会不会如小编一样会想起当年他在剧集"
Image14001006-8104.jpg,奔驰v260l高顶商务专业改装厂地址报价
Image14001006-8116.jpg,"此外,她还认为道格拉斯对她不忠,也不是一名称职的父亲."
Image14001006-8138.jpg,博人却在和巳月仙人
Image14001006-8150.jpg,"""手""绘集锦:如何保养你的手?"
Image14001006-8164.jpg,花莲庆修院
Image14001006-8187.jpg,"涨知识!详解纯净水,矿泉水,山泉水和活泉水的区别及适用人群"
Image14001006-8309.jpg,职场有约|"职上青云"讲座邀请函正在派送!注意查收
Image14001006-8376.jpg,我的世界手机版红石电梯怎么做 简单红石电梯攻略
Image14001006-8420.jpg,"三星大头三星天使!9.克烈粉丝还愿,吊打6三星重骑!10."
Image14001006-8439.jpg,为青年加油为小哥加 
Image14001006-8448.jpg,湖南省怀化市靖州苗族侗族自治县茯苓走稳
Image14001006-8471.jpg,纳西族史诗的创造性演绎
Image14001006-8559.jpg,快看漫画～明日星程
Image14001006-8632.jpg,"按照我们中原的习俗,这么漂亮的小姐姐必须抢过来!"
Image14001006-8639.jpg,绿洲香格丽花园(别墅) 4室2厅 4500元
Image14001006-8741.jpg,看动画也能玩转艺术?成龙大哥携手蕃茄田艺术带你走进
Image14001006-8767.jpg,"当健身遇上人工智能,fiture魔镜开启家庭科技健身新时代"
Image14001006-8896.jpg,"金融和科技股火爆连板,a股市场的特点,赵老哥"
Image14001006-8938.jpg,"工作人员走进各社区检查指导菜鸟驿站,企业,小区做好每日出入人员的"
Image14001006-9087.jpg,"邯郸有座""悬空古建筑"",仅用9根铁链保持平衡,险峻不输"
Image14001006-9321.jpg,宿州节能除尘器价格
Image14001006-9387.jpg,网友:全网穿牛仔最丑的
Image14001006-9424.jpg,"终于三年过后,我学成而归,电话那头和男友视频都掩饰不住我的喜悦"
Image14001006-9511.jpg,"笔底乾坤书不尽,杯中日月照无涯.悯怀黎庶为圆梦,偶拾蓬蒿即有家."
Image14001006-9718.jpg,"从先导指标看,其关注类贷款占比1.25%,较年初下降0."
Image14001006-9800.jpg,"速动资产指流动资产中变现能力较强的 那部分资产,一般指货币资金"
Image14001006-9846.jpg,出险次数和次年保费涨幅有何关系?
Image14001007-0018.jpg,江西靖安交警:指挥中心精准研判让遮挡号牌 无处遁形
Image14001007-0173.jpg,"夫妻之间,无论情深情浅,都不能有这8种作死的行为!"
Image14001007-0229.jpg,河南一农民收养日本兵47年他回国后如何回报老农一家
Image14001007-0270.jpg,儿童diy布艺手偶不织布缝制粘贴幼儿园圣诞节手工制作创意材料包
Image14001007-0467.jpg,嵊州建筑行业精英周五"零距离"观摩绿城剡江越园工程质量
Image14001007-0548.jpg,转载|中国地质大学(北京)"我和我的祖国"主题教育活动
Image14001007-0630.jpg,"真人脚の参考素材照片(点击进入,文末一键打包下载)"
Image14001007-0685.jpg,大阪京都箱根东京四城游
Image14001007-0691.jpg,曝<人名>主动求和示好福原爱坚持离婚不承认出轨遭日媒讽刺
Image14001007-0767.jpg,反校园欺凌我一定做到!
Image14001007-0800.jpg,豆瓣拉踩小组57362个亿只母驴
Image14001007-0879.jpg,罗小黑战记 小黑 小白截头像嘻嘻
Image14001007-0889.jpg,厕所 家居 设计 卫生间 卫生间装修 装修 640_464
Image14001007-0938.jpg,天猫【华生大牌】防爆充电暖宝暖手宝热水袋
Image14001007-0979.jpg,<人名>戴lacoste眼镜拍摄时尚大片_亿超眼镜网
Image14001007-1041.jpg,重庆应对最新疫情部分航空公司免费退改多场演出和活动取消
Image14001007-1239.jpg,荣县:细落实防控措施 织密疫情防控网
Image14001007-1250.jpg,"cad2010.天正2013屏幕成白色,怎样修改成黑色?"
Image14001007-1286.jpg,"<人名>出生在浙江的一个小渔岛,家中祖祖辈辈都是以打渔为生."
Image14001007-1339.jpg,"三国死得最窝囊的五个人物:关羽未上榜,张飞第二,此人"
Image14001007-1379.jpg,"除缴费年限,返还年龄不一样外,保障内容完全一致."
Image14001007-1458.jpg,西峰的路上没有太陡.
Image14001007-1498.jpg,医疗机构|药品
Image14001007-1551.jpg,"活动由港股百强研究中心主办,财华社承办,中国太平保险集团旗下中国"
Image14001007-1560.jpg,城市短片素材 中国广州天河体育中心鸟瞰绿化带
Image14001007-1641.jpg,"【民生】2018年奉贤区337个早餐摊贩点位公布,有您附近的吗?"
Image14001007-1682.jpg,"一场关系到人民福祉,关乎民族未来的深刻变革,就此开启."
Image14001007-1687.jpg,"盘点有趣的文人书信,苏轼常用""呵呵""与友人交流"
Image14001007-1712.jpg,【2店通用】柳峙韩国炭火烤肉
Image14001007-1776.jpg,"太原泰博宾馆预订价格,联系电话位置地址【携程酒店】"
Image14001007-1857.jpg,"这与拳击项目小游戏相同,玩法上都更具有对抗性,比如柔道项目就需要"
Image14001007-1891.jpg,"希望世界上的每一个人,每一个生命能够健康成长"
Image14001007-1973.jpg,据中原地产研究中心的统计数据显示:北京7月全月累计二手房住宅签约
Image14001007-1978.jpg,"可以确定的一件事情就是在深圳是不缺人的,并且也不缺工作."
Image14001007-2121.jpg,初中物理教科版八年级下册《液体压强》优质课公开课比赛获奖课件面试
Image14001007-2125.jpg,中国亏损上市公司股权结构与经营业绩的实证研究
Image14001007-2290.jpg,【图】雷霆出击/火力少年王动画版改编故事书_江苏社
Image14001007-2310.jpg,"不管,反正本基就是要参加."
Image14001007-2332.jpg,思念 中华点心南瓜饼香糯豆沙馅200g 8个装(速冻食品)
Image14001007-2439.jpg,智能的云对讲系统
Image14001007-2498.jpg,古巨基生日高调晒娃妻子没有出现很惋惜两个人已经结婚七年
Image14001007-2586.jpg,冷艳的紫色却是爱情最美的样子
Image14001007-2619.jpg,"通过前述四个步骤,央行实现了""政策利率→货币市场利率→存款利率"
Image14001007-2641.jpg,大湾区 自贸区下的旧改第一村将华丽变身!31图记录即将逝去的瞬间
Image14001007-2647.jpg,石化油服2021年半年度净利369亿元同比净利增加236
Image14001007-2654.jpg,"交通旅游 | 秋高气爽,游玩西湖全靠这份出行攻略了!"
Image14001007-2658.jpg,"""挑水老人跪求修路""报道不实(组图)"
Image14001007-2675.jpg,一带一路|台资企业路在何方:把握时机 向大陆西部转移
Image14001007-2683.jpg,"麻辣串,蘸上蒜水吃起来太爽了～!"
Image14001007-2771.jpg,"超低回撤,稳定收益."
Image14001007-2899.jpg,修明堂姻缘和合符回心转意情感婚姻爱情和好招桃花催姻缘月老符咒
Image14001007-2901.jpg,"但因为向西,所以冬日的阳光还是很充分的."
Image14001007-2930.jpg,2010春季灭关台鸽
Image14001007-3118.jpg,马云:996是修来的福报;<人名>:自媒体缺乏版权意识是大机会
Image14001007-3120.jpg,艾德金业克拉里达表示美联储在晚些时候宣布缩债黄金走过山车行情
Image14001007-3146.jpg,江苏省建筑工程公司改制后的名称和地址答:江苏省建筑工程集团有限
Image14001007-3180.jpg,太 平 洋 泰国湾
Image14001007-3204.jpg,"有谁知道,历史上一场传染的""鼠疫"",竟然使世界格局发生改变"
Image14001007-3240.jpg,即将开学师生每日健康上报校园启动全面消杀
Image14001007-3352.jpg,艺术体操女神黄<人名>闭幕式高挑出众吸晴组图
Image14001007-3414.jpg,"从整体来看,cg这一块看来是花了大价."
Image14001007-3422.jpg,"9亿元),同比增长9%,股东应占溢利大增逾一倍至10."
Image14001007-3611.jpg,"经央视点赞后,""山东煎饼花""最近也在网上出圈了."
Image14001007-3660.jpg,"回顾库里本赛季面对近乎疯狂的防守,可真是一分都没有刷啊!"
Image14001007-3684.jpg,因为爱好而打造手机界中的"无印良品"
Image14001007-3849.jpg,中钢天源(002057)股吧_东方
Image14001007-3856.jpg,汉城壹号规划图
Image14001007-3944.jpg,茂名人以后办理这些业务时限将大大缩短!
